SERIACIONE,MATERIA,SERIACIONL
NSD,1INGI,2INGII
NSD,1QUB,NSD
NSD,1ALL,NSD
NSD,1FUC,NSD
NSD,1ALG,2POO-2ESD
NSD,1MAD,NSD
NSD,1EOEI,9EOEII
1INGI,2INGII,3INGIII
NSD,2DHV,3IEMC
NSD,2CAD,3CAI
1ALG,2POO,3PRV
1ALG,2ESD,3EDA
NSD,2ISAC,NSD
NSD,2PDS,3IRS
2INGII,3INGIII,4INGIV
2DHV,3IEMC,NSD
2CAD,3CAI,4MPI
2POO,3PRV,4PRW
2ESD,3EDA,NSD
NSD,3FBD,4BAD
2PDS,3IRS,5ARS
3INGIII,4INGIV,5INGV
NSD,4HCC,NSD
3CAI,4MPI,5MPII
3PRV,4PRW,5PCS-7LEA
NSD,4DII,8MDD
3FBD,4BAD,9MID
NSD,4ELM,5SID
4INGIV,5INGV,6INGVI
NSD,5ETP,NSD
4MPI,5MPII,NSD
4PRW,5PCS,7PRC
NSD,5FUR,NSD
3IRS,5ARS,6CAS
4ELM,5SID,6ARC
5INGV,6INGVI,7INGVII
NSD,6HAG,NSD
NSD,6PRE,NSD
5SID,6ARC,NSD
NSD,6RED,NSD
5ARS,6CAS,7PRS
4PRW-3FBD,6ESTI,7ESTII
6INGVI,7INGVII,8INGVIII
NSD,7LEAD,NSD
4PRW,7LEA,8COI
6RED-5PCS,7SIO,NSD
5PCS,7PRC,8PRMI
6CAS,7PRS,8AFS-8MAS
6ESTI,7ESTII,NSD
7INGVII,8INGVIII,9INGIX
7PRC,8PRMI,9PRMII-9SEI
7LEA,8COI,NSD
6PRE-1MAD,8INA,NSD
7PRS,8AFS,9APS
7PRS,8MAS,NSD
4DII,8MDD,NSD
8INGVIII,9INGIX,NSD
8PRMI,9PRMII,NSD
8PRMI,9SEI,NSD
4BAD,9MID,NSD
8AFS,9APS,NSD
7SIO-7PRC,9SOA,NSD
1EOEI,9EOEII,NSD